eawg,01100101011000010111011101100111
kjgt,01101011011010100110011101110100
ahrb,01100001011010000111001001100010
bzfe,01100010011110100110011001100101
vfql,01110110011001100111000101101100
wycs,01110111011110010110001101110011
knwc,01101011011011100111011101100011
oqjp,01101111011100010110101001110000
qnme,01110001011011100110110101100101
wmhi,01110111011011010110100001101001
vcrg,01110110011000110111001001100111
bntz,01100010011011100111010001111010
ltkg,01101100011101000110101101100111
zndf,01111010011011100110010001100110
adcw,01100001011001000110001101110111
dglz,01100100011001110110110001111010
bjyb,01100010011010100111100101100010
qoex,01110001011011110110010101111000
coel,01100011011011110110010101101100
yyof,01111001011110010110111101100110
bgfw,01100010011001110110011001110111
isft,01101001011100110110011001110100
rmtj,01110010011011010111010001101010
ijym,01101001011010100111100101101101
xdao,01111000011001000110000101101111
gxtn,01100111011110000111010001101110
bpxx,01100010011100000111100001111000
gram,01100111011100100110000101101101
qvhv,01110001011101100110100001110110
idnn,01101001011001000110111001101110
kgcl,01101011011001110110001101101100
kozg,01101011011011110111101001100111
fxbj,01100110011110000110001001101010
bixv,01100010011010010111100001110110
cqvq,01100011011100010111011001110001
tmlq,01110100011011010110110001110001
gelu,01100111011001010110110001110101
flhl,01100110011011000110100001101100
zwui,01111010011101110111010101101001
dove,01100100011011110111011001100101
azvm,01100001011110100111011001101101
ozxq,01101111011110100111100001110001
cjtc,01100011011010100111010001100011
quyd,01110001011101010111100101100100
pasq,01110000011000010111001101110001
bwrf,01100010011101110111001001100110
hnxd,01101000011011100111100001100100
tvgx,01110100011101100110011101111000
paso,01110000011000010111001101101111
azue,01100001011110100111010101100101
wlap,01110111011011000110000101110000
lpsa,01101100011100000111001101100001
pepi,01110000011001010111000001101001
tdwh,01110100011001000111011101101000
tdez,01110100011001000110010101111010
cmgo,01100011011011010110011101101111
cght,01100011011001110110100001110100
kbpk,01101011011000100111000001101011
zjir,01111010011010100110100101110010
mgqx,01101101011001110111000101111000
hnsc,01101000011011100111001101100011
viwa,01110110011010010111011101100001
tdil,01110100011001000110100101101100
mqkp,01101101011100010110101101110000
srih,01110011011100100110100101101000
nioa,01101110011010010110111101100001
athd,01100001011101000110100001100100
mlxz,01101101011011000111100001111010
xtrp,01111000011101000111001001110000
tqgl,01110100011100010110011101101100
ymfi,01111001011011010110011001101001
axwr,01100001011110000111011101110010
qqtw,01110001011100010111010001110111
apbl,01100001011100000110001001101100
akpt,01100001011010110111000001110100
sjqh,01110011011010100111000101101000
fapq,01100110011000010111000001110001
sqjp,01110011011100010110101001110000
dsrd,01100100011100110111001001100100
sgth,01110011011001110111010001101000
clxo,01100011011011000111100001101111
qoub,01110001011011110111010101100010
hudz,01101000011101010110010001111010
gcsa,01100111011000110111001101100001
nqrn,01101110011100010111001001101110
rrxw,01110010011100100111100001110111
iuui,01101001011101010111010101101001
mcxj,01101101011000110111100001101010
ccju,01100011011000110110101001110101
sleq,01110011011011000110010101110001
bnom,01100010011011100110111101101101
cpst,01100011011100000111001101110100
ufrk,01110101011001100111001001101011
jxsd,01101010011110000111001101100100
regb,01110010011001010110011101100010
tfwk,01110100011001100111011101101011
irzg,01101001011100100111101001100111
gaha,01100111011000010110100001100001
vexk,01110110011001010111100001101011
rwqk,01110010011101110111000101101011
bmio,01100010011011010110100101101111
nift,01101110011010010110011001110100
